B00005N7P0,AH2IFH762VY5U,5.0,1005177600
B00005N7P0,AOSFI0JEYU4XM,5.0,1004486400
B00005N7OJ,A3JPFWKS83R49V,3.0,1174694400
B00005N7OJ,A19FKU6JZQ2ECJ,5.0,1163116800
B00005N7P0,A25MDGOMZ2GALN,5.0,1405296000
B00005N7P0,A3XT9XXWXFMJ1,3.0,1403568000
B00005N7P0,A3ERU005ES1IHT,5.0,1401580800
B00005N7P0,AC2278WPK3EU,5.0,1400112000
B00005N7P0,A3QRR8PSCBI07C,4.0,1395964800
B00005N7P0,A5QQOOZJOVPSF,4.0,1393372800
B00005N7P0,A1Z16630QMH8Q6,5.0,1388880000
B00005N7P0,A1LN6PL2AZGKNH,2.0,1386720000
B00005N7P0,A2FR95O3K6WZMU,5.0,1383091200
B00005N7P0,A99B5F6XYU3CZ,5.0,1380672000
B00005N7P0,A29248I4OWQW45,4.0,1374969600
B00005N7P0,A26PEGXTHPZQEE,5.0,1373846400
B00005N7P0,A3RSVR9ELA3U2E,5.0,1365120000
B00005N7P0,A2OVVHUNFT2TN7,5.0,1364083200
B00005N7P0,A3JD68LUCW99NX,3.0,1363564800
B00005N7P0,A1ZK8IKYH42IML,5.0,1362614400
B00005N7P0,A4ZMLYRYQ5K87,2.0,1361836800
B00005N7P0,A18RZ5Z6XECUNN,5.0,1358294400
B00005N7P0,A2BYKOY63IFCCQ,5.0,1355702400
B00005N7P0,AXCTTRMTBSV5J,5.0,1355702400
B00005N7P0,A3VGQU7L9OUI53,4.0,1355356800
B00005N7P0,APL636FJR8MRR,2.0,1354924800
B00005N7P0,A2GMZZ6TDYOHY7,5.0,1354752000
B00005N7P0,A1XUVLLZB9JBTE,2.0,1353888000
B00005N7P0,A22ZI4FO8J3W0,5.0,1351468800
B00005N7P0,A3S6J9C92KUL83,3.0,1345161600
B00005N7P0,A3MSSOG2DS98OQ,5.0,1337385600
B00005N7P0,AE7AJCGIUDVK3,5.0,1336003200
B00005N7P0,AF26G326ZZ2OY,5.0,1334102400
B00005N7P0,A2QB8GZ8P7Y2RD,5.0,1334016000
B00005N7Q1,A38PH87F2DLJ6S,5.0,1029542400
B00005N7Q1,A3556UAMASCD0B,5.0,1028592000
B00005N7Q1,A1RO4VUZRWN5AD,4.0,1022112000
B00005N7Q1,A38GVPHBWCYKBT,4.0,1020297600
B00005N7Q1,A1LPAB56PI3B1X,5.0,1011139200
B00005N7Q1,A2Q92TFD3JY9B1,5.0,1007596800
B00005N7Q1,A20SJRN4G2XENN,5.0,1007078400
B00005N7Q1,A19BA4RPOKQXZH,5.0,1006646400
B00005N7P0,AU4D1G5QOEB6O,5.0,1331769600
B00005N7P0,A2SI78R33PC5JR,5.0,1330128000
B00005N7P0,A3PQQVU8NHR7PM,5.0,1329264000
B00005N7P0,ALWIPFLEEH17M,5.0,1329091200
B00005N7P0,A90UMUUG7DFCU,1.0,1328486400
B00005N7P0,A1RW9ZBFC9UYYA,5.0,1328054400
B00005N7P0,A2AA9P4FGO629Q,5.0,1327968000
B00005N7P0,AWBKHL9Z878SZ,5.0,1327795200
B00005N7P0,AKZFA72JANYIK,5.0,1327622400
B00005N7P0,A2WBTUZ7LVTBSX,4.0,1327190400
B00005N7P0,AXTSIREG6PYVF,5.0,1326844800
B00005N7P0,A1TFF756I2CZ67,5.0,1326240000
B00005N7P0,A1UJBEQ1N2O99C,5.0,1325980800
B00005N7P0,A2R8LO91TXJIY2,5.0,1325894400
B00005N7P0,AG8DY3XFNJDD9,5.0,1325376000
B00005N7P0,ADYZH6B2X5Z7,5.0,1325030400
B00005N7P0,A1KMDZ8E5VN0R1,5.0,1324857600
B00005N7P0,A2H89DWNYWFN4L,4.0,1324857600
B00005N7P0,A2LQJV5DI4OZFM,2.0,1323820800
B00005N7P0,A1TFAX2TH4XA00,5.0,1323388800
B00005N7OD,ACB3VEWUWO53G,5.0,1028419200
B00005N7OD,A2UKDI5CNRDHMU,5.0,1024704000
B00005N7OD,A2NLFLB5477RXR,5.0,1021075200
B00005N7OD,AIF6EU76IRWZF,5.0,1015027200
B00005N7OD,A2IQ1OM6JPY3QM,5.0,1007683200
B00005N7OD,A1Y4463V55P6B,5.0,1004054400
B00005N7OD,A3NX5T8BX69XMJ,4.0,1004054400
B00005N7PS,A3UADM23L9MDPS,4.0,1118102400
B00005N7PS,A5RHZE7B8SV5Q,5.0,1078531200
B00005N7PS,A1IWT6KM1X8PNS,1.0,1075507200
B00005N7PS,A22X4XUPKF66MR,1.0,1062547200
B00005N7PS,A1RPTVW5VEOSI,1.0,1058227200
B00005N7PS,AWGAHK04B1SO4,1.0,1042675200
B00005N7PS,A2S166WSCFIFP5,2.0,1030233600
B00005N7PS,AMPQ8PP6MUQTM,4.0,1017878400
B00005N7PS,A3A3RQ7Z8TBTDS,5.0,1005523200
B00005N7P0,A26YS0RMVHKMWC,5.0,1322784000
B00005N7P0,A1VSRD793L412B,5.0,1322697600
B00005N7P0,A2T4XPDLZBP7XN,3.0,1320364800
B00005N7P0,A3J9VLYYT8BKGW,5.0,1319932800
B00005N7P0,A9DZTPUER694B,5.0,1318550400
B00005N7P0,A10YMCG6O18Y9S,5.0,1316131200
B00005N7P0,A2O6HZ2B9YSRXR,5.0,1315872000
B00005N7P0,A1QFC3ZKIIRG4J,2.0,1314057600
B00005N7P0,A1CZ17TQRK6JGJ,5.0,1314057600
B00005N7P0,A2VOYJS8XNBN6U,5.0,1314057600
B00005N7P0,A2WQQTKC1NNT7R,2.0,1313193600
B00005N7P0,A12NS74IM0JYGG,5.0,1309564800
B00005N7P0,AMFC4HUS3D16W,4.0,1307404800
B00005N7P0,A25NO0WDZACFUM,5.0,1306454400
B00005N7P0,A1ZVFFM4JONY3I,5.0,1304380800
B00005N7P0,AJSZZ4EBYE9YX,5.0,1304121600
B00005N7P0,A1RPKD9E294OTX,3.0,1304035200
B00005N7P0,A2QFUUR52KZI9Z,4.0,1303776000
B00005N7P0,A3P55836AE5VRY,5.0,1303344000
B00005N7P0,A3KMILYR935CHF,5.0,1302307200
B00005N7P0,A112OID07NKUTM,1.0,1300406400
B00005N7P0,AXO0BHQFBSMJO,5.0,1299542400
B00005N7P0,A13L1VQHJHSW6G,4.0,1298419200
B00005N7P0,A1KL17ER98VUHC,2.0,1296604800
B00005N7P0,A15BN1AMRT8FP1,4.0,1296259200
B00005N7P0,A1VKU9PDT5ZKHY,5.0,1294963200
B00005N7P0,A1YLVUBTV7XGBP,4.0,1294531200
B00005N7P0,A3C8EO3XJ8M1SQ,4.0,1293494400
B00005N7P0,A150VD7UM1NVL7,3.0,1293148800
B00005N7P0,AXH62CD4Y821V,5.0,1292457600
B00005N7PS,A3H4Z52P36CXVE,5.0,1434326400
B00005N7PS,A1P57DBMNB13KE,4.0,1434067200
B00005N7PS,A21GM3ZIG7SJTN,4.0,1431648000
B00005N7PS,AXURLO7NJQOTC,5.0,1430179200
B00005N7PS,A29T69AEGP3GDG,5.0,1427932800
B00005N7PS,A2M3D4GQNTMIIE,5.0,1426377600
B00005N7PS,A2H7KHOL5W3QQY,3.0,1425600000
B00005N7PS,A1N8F912MQRIE2,4.0,1424649600
B00005N7PS,A1SFRBCMW8XVBW,1.0,1422662400
B00005N7PS,A2P1CE9CC6BRVF,3.0,1421452800
B00005N7OD,A3IPPP622UF6N1,1.0,1519948800
B00005N7OD,A6WPF246AIY4F,1.0,1519689600
B00005N7OD,AVCN3H0YMAT47,1.0,1518912000
B00005N7OD,A2TXDJ50XSFIB4,1.0,1517616000
B00005N7OD,A2CLBWY7QIDMHG,2.0,1514505600
B00005N7OD,A3NNFQ3KV5SD5S,1.0,1513728000
B00005N7OD,A4JRH82051L9F,5.0,1512086400
B00005N7OD,A3EQV0ZSI01BV9,1.0,1510358400
B00005N7OD,A1MWFQI1XVFV2S,3.0,1509926400
B00005N7OD,ALJQ038O7TAE4,1.0,1506556800
B00005N7P0,A1KW68OP8JGZN7,5.0,1291680000
B00005N7P0,A2UJDH31NU6LGI,5.0,1287705600
B00005N7P0,A1D4W34E41UINV,3.0,1286409600
B00005N7P0,A1IU9VPCBKZPE8,5.0,1286236800
B00005N7P0,A22IABOCSE7G43,5.0,1285459200
B00005N7P0,A3O1FXCO5LZHKP,2.0,1285372800
B00005N7P0,A3UPY133KOTFJC,4.0,1285286400
B00005N7P0,A303X6GZK08WUT,5.0,1283644800
B00005N7P0,AQZRBU1UWMYED,4.0,1283644800
B00005N7P0,AVKZ6PSXX72A7,5.0,1282867200
B00005N7Q1,A3SFHMKLO59SNB,1.0,1524873600
B00005N7Q1,A12W92HKRTD08F,1.0,1524787200
B00005N7Q1,ARRAW6GZDZXY1,2.0,1524787200
B00005N7Q1,A2C25ATIV2IGMK,5.0,1524614400
B00005N7Q1,A3JEHMYNXU7FFC,5.0,1524441600
B00005N7Q1,A1M0OAGTV212R7,5.0,1524441600
B00005N7Q1,A2EJP9H6G3BPAV,5.0,1524355200
B00005N7Q1,A3FCON8N6PJIZB,5.0,1524355200
B00005N7Q1,A1WJ56EUJGZVF,4.0,1524355200
B00005N7Q1,AJR5YI0AJK93J,4.0,1524268800
B00005N7PS,A28C5VS2EF7YJG,1.0,1420416000
B00005N7PS,A3NLVHGP3D7ADP,5.0,1414886400
B00005N7PS,A19IVUFYLY47F2,5.0,1414540800
B00005N7PS,A29KU0K1YN0XU5,2.0,1411257600
B00005N7PS,AM0T0AKLN5GZB,4.0,1410393600
B00005N7PS,A5BZBD7CYCD2P,5.0,1410048000
B00005N7PS,AB00KQZ88BSAZ,5.0,1400112000
B00005N7PS,A2BUY0H9SOVBH3,3.0,1398211200
B00005N7PS,A317FCZV1PG81T,5.0,1383177600
B00005N7PS,AHRWSHIMCV963,3.0,1376438400
B00005N7OU,A9Q28YTLYREO7,5.0,1022284800
B00005N7OU,A1I0HUXO5KWN8O,5.0,1010534400
B00005N7OU,A1WGY6MZDZ1H9J,4.0,1004659200
B00005N7OU,AOMZTGO51ONDA,5.0,1004400000
B00005N7P0,A2MDVO0ET00EAE,3.0,1282262400
B00005N7P0,A7VC3OHVCH47B,4.0,1280620800
B00005N7P0,ASN6C11MUMR4V,4.0,1280102400
B00005N7P0,A1EHWT1K3VRVKS,1.0,1278028800
B00005N7P0,A2CVQ25SHQFVX9,5.0,1277337600
B00005N7P0,A21RTS6ZW1JPR0,3.0,1277164800
B00005N7P0,A23SRTTBUVVDX6,1.0,1277078400
B00005N7P0,A21ML571MPRGXC,4.0,1274745600
B00005N7P0,A2Q9S20S0B0O1,5.0,1274227200
B00005N7P0,A36QWEKKZUUUB2,5.0,1273276800
B00005N7PS,A2YJCKPVSNIEX,5.0,1374883200
B00005N7PS,AJIHQ3ZRRTBG8,5.0,1374364800
B00005N7PS,A3LIRKSHS4F9SV,3.0,1360022400
B00005N7PS,A1Q0W1J23FLMAC,1.0,1358035200
B00005N7PS,A2TMP0M3JIKJC6,5.0,1357862400
B00005N7PS,A1LUVA73FSGEVI,5.0,1353974400
B00005N7PS,ALXN5D0NNEAY1,5.0,1353715200
B00005N7PS,A2I2X57GERB4QA,5.0,1344384000
B00005N7PS,A3PDEDVXA8A95F,4.0,1334016000
B00005N7PS,A2ZWTFZRNQW7D5,1.0,1333411200
B00005N7P0,A32NYM0DCZ6R1M,1.0,1271116800
B00005N7P0,A2GMT03J28BHYF,3.0,1270512000
B00005N7P0,A2E9Y9YI3TDWCE,4.0,1268265600
B00005N7P0,A2YW6XOID7GV6G,4.0,1267920000
B00005N7P0,A2FXNQ08KMSKA3,1.0,1267488000
B00005N7P0,A2MS4YH4XF6V5C,5.0,1267142400
B00005N7P0,A3L2UZLJZKDUTY,1.0,1266537600
B00005N7P0,A3UFFPJ1ESYFMP,1.0,1265587200
B00005N7P0,A1NMSGYZ92BROQ,4.0,1264809600
B00005N7P0,ALPYY8JY6L3OS,3.0,1264032000
B00005N7OD,A1DP64ZVZJUR8P,5.0,1506556800
B00005N7OD,A28HPOK8C39CO1,1.0,1505088000
B00005N7OD,A2O9QY55VEKGDH,1.0,1504137600
B00005N7OD,A3IO33DUTSRSFS,1.0,1503964800
B00005N7OD,A3ILJS3Q5FGW7X,1.0,1503532800
B00005N7OD,A2X77RJOP1BFCG,1.0,1501027200
B00005N7OD,A2XU18GW8RXVJL,2.0,1500940800
B00005N7OD,A3QIHUOV5IAT0N,1.0,1500508800
B00005N7OD,A3OWTNY9H7KFQR,1.0,1500336000
B00005N7PS,A1RVM6W2YI7568,4.0,1325203200
B00005N7PS,A272P1S54T9E9E,3.0,1324857600
B00005N7PS,A1U8U70F7V110U,3.0,1298332800
B00005N7PS,A1JR6ZJNS7823N,4.0,1280793600
B00005N7PS,A218NYHPQ2RTXL,3.0,1265155200
B00005N7PS,A1WAWNUDPXI23R,4.0,1264982400
B00005N7PS,ANU0F060RSB4D,2.0,1252713600
B00005N7PS,ANTNA7JTP686X,2.0,1252713600
B00005N7PS,A2W7ZNYNSPS619,2.0,1252713600
B00005N7PS,AJ83E5N06MC0T,2.0,1251504000
B00005N7Q1,ASI8MJYHJFXZV,1.0,1524096000
B00005N7Q1,A37ISCWSAR0R9L,1.0,1524096000
B00005N7Q1,A15INOMS30BOUT,1.0,1524009600
B00005N7Q1,A1CTAJQ6N3SOVI,5.0,1524009600
B00005N7Q1,A2VG8N7ALVYAVL,5.0,1523923200
B00005N7Q1,A3GHUXTBNEA9PI,5.0,1523836800
B00005N7Q1,A1063BS4W8YHHE,5.0,1523750400
B00005N7Q1,A395PV75EKIAH6,5.0,1523577600
B00005N7Q1,AZWVOET8QZZV8,2.0,1523491200
B00005N7Q1,A3EMIWWUA5LN9Q,5.0,1523491200
B00005N7P0,AS2TX7V9Q255X,4.0,1261526400
B00005N7P0,AJVRD3EFV3H4Z,5.0,1260835200
B00005N7P0,A2KIU9UIY5XTB2,5.0,1257120000
B00005N7P0,AC6X7K4U2BGQ4,1.0,1256860800
B00005N7P0,AWNHZ6IV8M5CN,5.0,1253577600
B00005N7P0,AKFPNQ66DXCZQ,5.0,1252713600
B00005N7P0,A37UA16QMYVL5K,5.0,1252540800
B00005N7P0,A2BUCI6OL59FNB,1.0,1251763200
B00005N7P0,A6AAHFTNBWB21,5.0,1250121600
B00005N7P0,A2LZ4EVZADL3H2,5.0,1247270400
B00005N7OU,A2HJGGKX81RBXR,5.0,1462233600
B00005N7OU,ASN09SCHJXOJV,5.0,1456790400
B00005N7OU,ABPATAYAWXXAI,5.0,1453766400
B00005N7OU,AJ0YDAXX2FC6K,5.0,1447977600
B00005N7OU,A1SP8HCJ1MCE89,4.0,1438214400
B00005N7OU,AMVC9WTXYKNJ1,4.0,1434672000
B00005N7OU,A371E0L0B0YJGM,5.0,1422230400
B00005N7OU,ABV5HC4QO4PBW,1.0,1420675200
B00005N7OU,A2EP2X24WFLG4I,5.0,1409097600
B00005N7OU,A2S8UGUCJH1C9S,5.0,1390608000
B00005N7PS,A24H37KH8IY24V,5.0,1246838400
B00005N7PS,A297VPKPW55X67,3.0,1236729600
B00005N7PS,A1DOX1RVD5KVMH,4.0,1232496000
B00005N7PS,A28X7NZ02016FO,1.0,1231804800
B00005N7PS,ACH7QV21BRXLY,5.0,1225670400
B00005N7PS,AG6TX1ZJHLMO7,4.0,1224547200
B00005N7PS,AMP7TQRWAIE84,2.0,1219104000
B00005N7PS,A3G7WKGHLBOSGG,2.0,1218585600
B00005N7PS,A52Y39SZ0HMRX,5.0,1210982400
B00005N7PS,A1T61QP7QHYBRQ,5.0,1204156800
B00005N7OD,A3DZ8MTKQA3CFB,3.0,1498003200
B00005N7OD,A1CD786520G3KL,4.0,1496620800
B00005N7OD,A3P8ZUU02GP09Y,1.0,1495670400
B00005N7OD,A3ML8FZ1KM3ZRP,2.0,1495065600
B00005N7OD,A2OE6AHC8L9HPE,2.0,1494806400
B00005N7OD,A2FJQ9BKUADZ0A,4.0,1493769600
B00005N7OD,A1CRRNTUH7GU6A,3.0,1493596800
B00005N7OD,AMOTWVOJIP2CT,4.0,1492992000
B00005N7OD,A1T1I2M7Y2XMED,4.0,1492732800
B00005N7OD,A4EG0NT5BJRUF,5.0,1492387200
B00005N7P0,ABV3OEEYJCVHK,4.0,1245888000
B00005N7P0,A27JBL1VC49N7Q,4.0,1244505600
B00005N7P0,A3774MBQJ66HJS,5.0,1242950400
B00005N7P0,A2D43UG785VLEY,1.0,1242000000
B00005N7P0,A5KU8WCPNIC1S,5.0,1240358400
B00005N7P0,A1YVCGV8G16OMM,4.0,1239148800
B00005N7P0,A7J7RCN3ORSZI,3.0,1237075200
B00005N7P0,A3OIE7IE9LTPJG,5.0,1235520000
B00005N7P0,A1XYDI6ZZX12AV,5.0,1231286400
B00005N7P0,A1047EDJ84IMAS,1.0,1230595200
B00005N7OU,AMNTZU1YQN1TH,2.0,1389139200
B00005N7OU,A1MVH1WLYDHZ49,5.0,1382832000
B00005N7OU,AXPAIEE0732A9,3.0,1382400000
B00005N7OU,A2865IOZJSFJGX,5.0,1382054400
B00005N7OU,A39W0UH2F3QK3I,5.0,1375315200
B00005N7OU,AK2RNPCHB83EW,1.0,1368316800
B00005N7OU,AF5FTJL71VB7L,3.0,1366761600
B00005N7OU,A1XRDY1BS66TDR,4.0,1364083200
B00005N7OU,A15BNULICMH470,1.0,1206316800
B00005N7OU,A3VWOBQT9220I9,1.0,1179187200
B00005N7OU,A707PRZBQ1MB2,1.0,1172275200
B00005N7OU,A23ERQBHXIZLY6,5.0,1167782400
B00005N7OU,A20UFOPYGGHHZ,4.0,1164758400
B00005N7OU,AMG4ZO3GV71YZ,5.0,1119916800
B00005N7OU,A3BMI7JSJDKFGP,3.0,1113436800
B00005N7OU,A1RPTVW5VEOSI,4.0,1059350400
B00005N7OU,A2N0SJHO52I0Y7,5.0,1043625600
B00005N7OU,A1PXDS5P5TRZWN,5.0,1040342400
B00005N7OU,A25B533O9AHQIP,1.0,1034640000
B00005N7PS,ARLZ8GX3R73UZ,3.0,1198972800
B00005N7PS,A3TD6RN8H7LCDG,1.0,1196380800
B00005N7PS,AAEK6VH8PJNI4,3.0,1195171200
B00005N7PS,AIHMQ6AYIAQJM,5.0,1188777600
B00005N7PS,A343N4XW41HI51,5.0,1187222400
B00005N7PS,ARRHW854LWOUS,5.0,1174435200
B00005N7PS,A3JPFWKS83R49V,3.0,1142380800
B00005N7PS,A2MAEZZDJP1J11,1.0,1141862400
B00005N7PS,A3HGNSFKJXXY59,4.0,1133481600
B00005N7PS,A3CJ7MHAS9IMAM,4.0,1125100800
B00005N7OD,AAOUREH4NQ5DH,5.0,1492041600
B00005N7OD,A2J7BW25IA6JHM,2.0,1490313600
B00005N7OD,A2MEE3O0DW81ZL,1.0,1490227200
B00005N7OD,AFDVXQW2KWBH2,5.0,1489708800
B00005N7OD,A152XNPECZWAGG,5.0,1488153600
B00005N7OD,A1Z9FJJUPPPQSQ,5.0,1484697600
B00005N7OD,A1ZVXQ53X4EEXH,2.0,1483401600
B00005N7OD,ADP818Z34AMC4,5.0,1481414400
B00005N7OD,A3MXKD0CYH4GBJ,5.0,1479772800
B00005N7OD,A3EWJIRBK66Q4I,5.0,1478304000
B00005N7OD,A1ADML3GGODP5Q,5.0,1477526400
B00005N7OD,A1AMC805GZTNM6,5.0,1477094400
B00005N7OD,A37VR2T39FLDIR,2.0,1475625600
B00005N7OD,A2AJUQCBACY31J,4.0,1474156800
B00005N7OD,A1XQ87OTM9JY2H,4.0,1473552000
B00005N7OD,A23H7UMFS5P6ER,5.0,1472947200
B00005N7OD,A3B2YL5LQJ2ISF,5.0,1472774400
B00005N7OD,AADC8J7H4ACIV,5.0,1472688000
B00005N7OD,A24J0CAOSMMENN,5.0,1472342400
B00005N7OD,A1IRUBACUZ943C,5.0,1471651200
B00005N7Q1,A2W9CHAKYOU46O,5.0,1523491200
B00005N7Q1,A1JCR9WYOV43X,5.0,1523404800
B00005N7Q1,A3MT9MSEVRQMOT,4.0,1523404800
B00005N7Q1,A1VB1AFEZ4WBW5,5.0,1523318400
B00005N7Q1,A3CTKN5MAAD3CM,4.0,1523232000
B00005N7Q1,A1NIB472PUF163,5.0,1523232000
B00005N7Q1,A1WFZ245LKRB2M,5.0,1523059200
B00005N7Q1,A1PP1Q0QQG2ZZJ,1.0,1523059200
B00005N7Q1,A2E6PCE0GRSUOQ,5.0,1522886400
B00005N7Q1,A3N5HGARPVPF3J,1.0,1522886400
B00005N7P0,A1HZAJT0TI4IWO,5.0,1225670400
B00005N7P0,AYZ8W4UV3GVGE,5.0,1217721600
B00005N7P0,ABRZKXNIS0ML9,4.0,1213142400
B00005N7P0,A2YJ1K8M0KPHMF,2.0,1209772800
B00005N7P0,A345095Z6SDQR2,4.0,1202688000
B00005N7P0,A1JLCHK0T0RJVT,4.0,1201824000
B00005N7P0,A146BM425EVTP1,5.0,1200787200
B00005N7P0,A3MWMO2IOQDWBJ,5.0,1200614400
B00005N7P0,A3GNC0FJTH7ZO3,5.0,1198281600
B00005N7OD,A9QMGJRB8IRTO,5.0,1471651200
B00005N7OD,A2EJ04BP03ZV0K,5.0,1471564800
B00005N7OD,A1DPEQ3EM1JEZQ,1.0,1471564800
B00005N7OD,A2D0KBNT5DCJYN,3.0,1470873600
B00005N7OD,A100NRVPI4UOH,1.0,1470700800
B00005N7OD,AHFBEPUXHLGH7,5.0,1469577600
B00005N7OD,A2WWEL90ER3G9O,1.0,1467072000
B00005N7OD,A2MNSMO1CGFNSY,4.0,1466812800
B00005N7OD,A3OKUJ6D3AGUCB,5.0,1465603200
B00005N7OD,A1PBWK0ORTUUR4,5.0,1465344000
B00005N7P0,A3GR5XP7LMRSZ2,5.0,1198022400
B00005N7P0,A1BHON6PATERKP,5.0,1193616000
B00005N7P0,A3JPFWKS83R49V,4.0,1190592000
B00005N7P0,A2VW8DGPS5THR5,5.0,1189468800
B00005N7P0,A3PYBQ4AEZ03YR,4.0,1187827200
B00005N7P0,AGE30NTN3QEV0,4.0,1183680000
B00005N7P0,A1HV2KNGP2W9TN,5.0,1179532800
B00005N7P0,A3AK60HTYFPO2N,5.0,1174435200
B00005N7P0,A1EPAO8ZVDM171,5.0,1172102400
B00005N7P0,A3P269G4952ACS,5.0,1168473600
B00005N7P0,A26GGBBXHBJZXA,1.0,1168300800
B00005N7P0,A1088JT1L28OP5,4.0,1168300800
B00005N7P0,A1KWU1E5LP2LPQ,3.0,1168300800
B00005N7P0,A3TPA3JLPCX8RC,5.0,1168300800
B00005N7P0,A33UAXEULFG6Z0,5.0,1166918400
B00005N7P0,A44G24P5UOL70,1.0,1163030400
B00005N7P0,A31BJ3UCRVMNAH,1.0,1153958400
B00005N7P0,A3LBBZE985UAXH,4.0,1152489600
B00005N7P0,A3I1KGZ35DYLRJ,1.0,1150502400
B00005N7P0,A1YTRV2VXFGHNS,4.0,1149120000
B00005N7OD,A3PN0PK6SGYUWC,5.0,1465084800
B00005N7OD,A34M3PLFOEF3Z8,5.0,1464998400
B00005N7OD,A1GYM75Q4H61N0,5.0,1463097600
B00005N7OD,ATM4LQHO9NZMC,5.0,1462838400
B00005N7OD,A2KDSG7103VL54,5.0,1462752000
B00005N7OD,AOBBK6688904Z,5.0,1461888000
B00005N7OD,A2Z3BSFX2G7AI0,5.0,1461283200
B00005N7OD,A2J0IY1Q2IK51I,5.0,1457827200
B00005N7OD,A1RKF90QFB5IGZ,5.0,1455753600
B00005N7OD,A3BUKKL2420AZB,3.0,1455580800
B00005N7Q1,A1RUQFDAQOJD3F,5.0,1522800000
B00005N7Q1,AKQA0OYJ24M19,5.0,1522800000
B00005N7Q1,A3EGRGEJSRD9U3,2.0,1522800000
B00005N7Q1,ALW8UEBARBI6G,5.0,1522713600
B00005N7Q1,A2XAPNXTNHQPD5,5.0,1522627200
B00005N7Q1,AY3Y6UP7NSH42,5.0,1522627200
B00005N7Q1,A37N8KAZSDUKKO,5.0,1522627200
B00005N7Q1,ASWUDB3XHZN77,5.0,1522368000
B00005N7Q1,APA9T81ZYK2OF,5.0,1522108800
B00005N7Q1,AV8MS8SJZYVRJ,5.0,1521936000
B00005N7OD,A3FB5EVLOCJ7G8,5.0,1454544000
B00005N7OD,AF56AGX1O9MNO,5.0,1453939200
B00005N7OD,A2GY8ZF9GMC9Y,5.0,1453507200
B00005N7OD,A2UDUR1SPJFZSF,5.0,1451606400
B00005N7OD,A33U4FKUN1T3B,5.0,1449014400
B00005N7OD,A3KQXBK8QIX87F,5.0,1448928000
B00005N7OD,A1O626RCX1G3J0,5.0,1447545600
B00005N7OD,A26UR7Y13X4SGB,4.0,1447286400
B00005N7OD,AWWROYCOGPXUI,4.0,1447286400
B00005N7OD,ASX04FFHZIVZ5,5.0,1447113600
B00005N7P0,A3OMSW88HWF25T,5.0,1147219200
B00005N7P0,A1FYS18SEUA0A7,2.0,1143504000
B00005N7P0,A2R8DUN757XKBI,5.0,1142985600
B00005N7P0,A44RNWWIZRUZM,5.0,1142380800
B00005N7P0,ANT7FZFIQG5RL,5.0,1141776000
B00005N7P0,A3JJNSW1XHXX9B,4.0,1130544000
B00005N7P0,A19YK9YYRBKHEX,5.0,1123200000
B00005N7P0,AXW444VIV75UF,5.0,1111363200
B00005N7P0,A3PES2OC2EUA7P,5.0,1105747200
B00005N7P0,A1Q4ZU2Y929N0A,5.0,1101081600
B00005N7Q1,AFS8GC8RYEGTF,3.0,1520985600
B00005N7Q1,A3CD9YBOMLVNWI,5.0,1520899200
B00005N7Q1,A3GDX4C1HVM1NY,5.0,1520467200
B00005N7Q1,A2IE6LCN9W5DXE,3.0,1520467200
B00005N7Q1,A1F2XX3SAHC1VL,5.0,1520035200
B00005N7Q1,A1N3Z72HB8ISET,5.0,1519948800
B00005N7Q1,AXUK6AQUN8CO0,5.0,1519862400
B00005N7Q1,AW5JE8G8O8XWQ,5.0,1519776000
B00005N7Q1,A35UF94PZD0KSU,5.0,1519689600
B00005N7Q1,A3QJGLYL2CEK7W,5.0,1519603200
B00005N7P0,AXDCA2CU2BNSG,5.0,1099612800
B00005N7P0,A1PIQ3C8TQT2QG,5.0,1098403200
B00005N7P0,A16859JXLFD63I,5.0,1097280000
B00005N7P0,A24IVUAUSYU7PM,5.0,1095984000
B00005N7P0,A2HAM22UE1B89T,5.0,1095465600
B00005N7P0,A24B2LRZSN18C6,5.0,1094860800
B00005N7P0,A2PSC7LUNIDEAH,5.0,1082937600
B00005N7P0,A5RHZE7B8SV5Q,1.0,1078790400
B00005N7P0,A90J5VZYPZP62,4.0,1073260800
B00005N7P0,ANRSMWQZGJF77,5.0,1068076800
B00005N7Q1,AQCQKR6T8LUNQ,5.0,1519603200
B00005N7Q1,AHWINH6S5969V,4.0,1519516800
B00005N7Q1,A1H2WJSALF3E9U,5.0,1519257600
B00005N7Q1,A1HO3JY12IHY3Y,5.0,1519171200
B00005N7Q1,ASFHE31AGZB5E,5.0,1519171200
B00005N7Q1,A1PQJTGAVG0DNW,5.0,1519084800
B00005N7Q1,A29ASZ68VU8IAH,5.0,1519084800
B00005N7Q1,A2421IR1D2MY0I,5.0,1518739200
B00005N7Q1,A3MX5XJEZ8BA0U,5.0,1518566400
B00005N7Q1,A2WZMZC2SQCAFJ,4.0,1518480000
B00005N7OD,A34UUIS90Z9AVY,5.0,1446940800
B00005N7OD,A1F6HX9EONAB3L,5.0,1446508800
B00005N7OD,AP2RWNPTXCKG9,5.0,1446336000
B00005N7OD,AJTCLHPRF03I4,5.0,1446163200
B019CNKT2Y,A5UQX8FU3IZW3,5.0,1464652800
B019CNKT2Y,A2LLAPO56JR8MQ,5.0,1464652800
B019CNKT2Y,A2CDM084DH8GXP,1.0,1464134400
B019CNKT3S,AJZ6JN4UZD4BK,1.0,1531526400
B019CNKT3S,A1BO0R7E3X15ZA,1.0,1529971200
B019CNKT3S,A1UW64Z0C5VD9Q,3.0,1518912000
B019CNKT3S,A2GHTWLB8OAJPD,5.0,1497484800
B019CNKT3S,A1H0886DUO7FDT,4.0,1485475200
B019CNKT3S,A14ZED9G5GLBOF,5.0,1466553600
B019CNKT3S,A1A81SEFIT63PB,5.0,1466467200
B019CNKT3S,A1TL71JV05YYLT,3.0,1466035200
B019CNKT3S,A2DK5Y4CYFRIHA,5.0,1465862400
B019CNKT3S,A2XPPA0SK0N8LZ,4.0,1462406400
B019CNKSJI,A37BJZ6CY5VT56,5.0,1479600000
B019CNKSJI,A1MCM4COO5H5VU,5.0,1461715200
B019CNKSJI,A2YBTV8ZZHAPNT,5.0,1461196800
B019CNKSJI,A3U5NYP7YAAKXV,3.0,1458518400
B019CNKSSE,A22A1DM92U9488,5.0,1507852800
B019CNKSSE,AU5IOQRBV6JEL,5.0,1472083200
B019CNKSSE,A1Y4NX93FD8GNP,5.0,1466899200
B019CNKSSE,A21LKP3JGH9HU5,4.0,1466812800
B019CNKSSE,A1U4HTES1T72G7,5.0,1465344000
B019CNKSSE,A92NLHEQJURNC,5.0,1463875200
B019CNKSSE,A3010FWB7UY00Q,5.0,1463443200
B019CNKSSE,A39NRIHGVMM0Y1,5.0,1462665600
B019CNKSSE,A3QHAHVVASCBD5,5.0,1461974400
B019CNKSSE,A3R7H6J2RBGZA8,4.0,1461283200
B019CNKSMK,A689EKF7ZCJE1,4.0,1498089600
B019CNKSMK,A3JDYRB38DKDV,1.0,1480723200
B019CNKSMK,A1QL2A8832E373,3.0,1470614400
B019CNKSMK,A3UCOXQ181HBK8,3.0,1466899200
B019CNKSMK,A2HKJ0JSGNTZYS,5.0,1455408000
B019CNKSMK,A26HNB6FQDV0WZ,1.0,1453593600
B019CNKSMK,A1O7KXQT0ORZ3,1.0,1453593600
B019CNKSM0,A1CNTYJ5TNCM9G,5.0,1478822400
B019CNKSM0,A37BJZ6CY5VT56,5.0,1476662400
B019CNKSM0,A186WKK1ARZTCG,5.0,1465776000
B019CNKSM0,A2GRGJGM9F2NUE,5.0,1465776000
B019CNKSM0,A1U0BFAIQ484ET,5.0,1464825600
B019CNKSM0,A2F7UBNS2L6TV7,5.0,1464825600
B019CNKSM0,A2LLAPO56JR8MQ,5.0,1464652800
B019CNKSM0,A34FLVKPPVJ0K1,5.0,1464566400
B019CNKSM0,A1GUL3WR8GAC4O,5.0,1464307200
B019CNKSM0,A20IAXJZ7IMTDN,5.0,1464220800
B019CNKSY8,AIPPG4HI9GCE8,3.0,1461542400
B019CNKSY8,A3MYFC4F21GTQE,5.0,1461283200
B019CNKSDE,AR64BATV6BGJ7,5.0,1479686400
B019CNKSDE,A3V799ATZNRHGQ,2.0,1464393600
B019CNKSDE,AMCG9RF088EF0,5.0,1463961600
B019CNKSDE,A2QVXVWKFQM14E,1.0,1461369600
B019CNKSDE,A319HO2EJBYR2L,5.0,1461283200
B019CNKSDE,A3QGD4L6TQF12E,1.0,1461110400
B019CNKSDE,A3I378VC5IK5C4,1.0,1460678400
B019CNKSDE,A9XV8MPI5UMHA,5.0,1458691200
B019CNKSDE,A1ZW993R8UT3C4,5.0,1457395200
B019CNKSDE,AJALSMD5X9JO2,4.0,1455926400
B019CNKTPQ,A3EGRGEJSRD9U3,2.0,1522800000
B019CNKTPQ,A1S96YM6GKBGRP,1.0,1493164800
B019CNKTPQ,A1ADK93LELEQTW,5.0,1483056000
B019CNKTPQ,A3T56RSOV2B9X1,2.0,1466985600
B019CNKTPQ,A38R67XPLGBOAM,1.0,1466812800
B019CNKTPQ,A19QIHF609P7X7,4.0,1466640000
B019CNKTPQ,A1ZSDEG97TYQFG,5.0,1465776000
B019CNKTPQ,A1ZQROED0LOJ94,5.0,1464912000
B019CNKTPQ,A1R96XQWDLAT6A,4.0,1464825600
B019CNKTPQ,A26UJ6UQ2SSI2,5.0,1464739200
B019CNKSDO,A2P6JM4F8863KP,1.0,1466553600
B019CNKSDO,A2A1HXAMN6P7U,5.0,1462320000
B019CNKSDO,AAMBJRTNZU0XK,5.0,1460937600
B019CNKSDO,A3D73AHGO8T8JH,5.0,1459728000
B019CNKSDO,AJ5WEAIVBLGGB,4.0,1457222400
B019CNKSDO,A2FTDO4LW5MFUN,4.0,1457222400
B019CNKSDO,A2SL0T9WTUEZJ9,5.0,1456099200
B019CNKSDO,A242MZ8G2GDHZS,5.0,1456012800
B019CNKSIY,A37BJZ6CY5VT56,5.0,1476662400
B019CNKSIY,A19TI951Z56FE2,3.0,1466640000
B019CNKSIY,A1U0BFAIQ484ET,5.0,1464825600
B019CNKSIY,A2LLAPO56JR8MQ,5.0,1464652800
B019CNKSIY,A2MNBJ25NUUX33,5.0,1463443200
B019CNKSIY,AYLBJ1S9UG6U2,5.0,1459728000
B019CNKSIY,A2D5Q86UIBONYR,4.0,1458086400
B019CNKSIY,A2PCY93EWKEVB1,5.0,1458000000
B019CNKSIY,A26V5JUMA0B4R,1.0,1456790400
B019CNKSUM,A2HJLKIJJPCD27,3.0,1518739200
B019CNKSUM,A3JHW2H8TDO94,5.0,1465084800
B019CNKSUM,A1FEDK55GMLSV,4.0,1457827200
B019CNKSUM,A2K4HUH6PHYQHB,5.0,1456790400
B019CNKSUM,A1JD2JTIL5446J,5.0,1456704000
B019CNKS9I,A1UG6YYU3LGGT2,5.0,1489622400
B019CNKS9I,A30WBNDQL0HZ9L,2.0,1470700800
B019CNKS9I,A14CGLY7ND1FUN,2.0,1470614400
B019CNKS9I,A31XC11AZF0NC,5.0,1464307200
B019CNKS9I,AMMCRHQ176PBJ,1.0,1464220800
B019CNKS9I,A1FEDK55GMLSV,3.0,1457827200
B019CNKSR0,A1KUUOWTK0ERHN,5.0,1461456000
B019CNKSR0,A23SG8I7RXITLB,5.0,1457913600
B019CNKST8,A2O65DHNNMAKM9,5.0,1462060800
B019CNKST8,AU8OUI5XEISXI,5.0,1461542400
B019CNKT74,A2A1R03WVAWZ7R,5.0,1468454400
B019CNKT74,A1GQCRQ8QT9JFG,3.0,1464566400
B019CNKT74,AQ2QY69Y9DSDZ,5.0,1462233600
B019CNKT74,A2EW86RF5RUO0F,4.0,1460332800
B019CNKT74,A20QVNZNN32I4U,5.0,1459382400
